title,firstname,lastname,age,phone_number,email,card_number,address_id
Mrs,Virgie,Tidball,76,3681795340,vtidball0@icq.com,5344338076824836,2
Mrs,Bartel,Kuzma,56,3048821853,bkuzma1@tripod.com,4041594262784,5
Ms,Kristoffer,Stedmond,91,2949647622,kstedmond2@reuters.com,4175005383152568,2
Mr,Tammy,Sterzaker,31,7492730779,tsterzaker3@mac.com,5100137503967356,4
Dr,Tiffani,Vamplus,53,9488148334,tvamplus4@europa.eu,4917987135455030,24
Mr,Flemming,Wainscoat,74,3953984554,fwainscoat5@thetimes.co.uk,6771381665380692,5
Ms,Esther,Yurlov,61,5396297435,eyurlov6@weibo.com,347350920033165,11
Dr,Raimondo,Yaxley,47,1548367009,ryaxley7@behance.net,201479296981387,7
Dr,Lynda,Hagston,92,3316091299,lhagston8@cornell.edu,3575700186802850,25
Ms,Willy,Barke,35,6189591822,wbarke9@walmart.com,4772058539053039,23
Mrs,Laurianne,Baily,52,6914694403,lbailya@omniture.com,5100178940134374,5
Ms,Erasmus,Pretsel,39,3017368798,epretselb@latimes.com,30085104772657,5
Mrs,Sibeal,Gossop,97,6383265357,sgossopc@surveymonkey.com,5602240652308159,8
Mrs,Reba,Raitie,63,4479358975,rraitied@omniture.com,6706888653786733,19
Mrs,Hermine,Hulles,27,3002579309,hhullese@cnbc.com,3560669567177280,22
Dr,Byran,McArdell,20,3892915315,bmcardellf@multiply.com,3546400317311808,23
Mr,Dagny,MacKean,62,5391304623,dmackeang@hud.gov,3544532511320375,3
Mrs,Earle,Martyns,58,9172074558,emartynsh@virginia.edu,6382009355172699,25
Mr,Kirby,Boxill,23,4501542844,kboxilli@ft.com,5402281649888764,21
Ms,Briant,Petracci,39,3982724184,bpetraccij@networksolutions.com,4508554184865074,17
Ms,Alicia,Soares,73,9371645210,asoaresk@opera.com,5206784112402789,6
Dr,Sandy,Champniss,64,8474167209,schampnissl@posterous.com,6374489549988459,6
Ms,Donia,Yitzhak,91,8221540779,dyitzhakm@mit.edu,3583495055600721,12
Mrs,Tana,Grice,53,4199581467,tgricen@addtoany.com,374283299793000,18
Dr,Nata,Elcott,71,8812237113,nelcotto@scientificamerican.com,6759743360703831,19
