title,firstname,lastname,age,phone_number,email,address_id
Dr,Rois,Setch,32,9553762453,rsetch0@ezinearticles.com,23
Ms,Pepe,Lant,78,5568534868,plant1@pagesperso-orange.fr,3
Ms,Chico,Albury,62,9361497896,calbury2@ycombinator.com,16
Dr,Milo,Pettit,63,6819739975,mpettit3@gravatar.com,1
Dr,Cirillo,Aldin,58,3965574495,caldin4@oakley.com,20
Dr,Edie,Suthworth,60,7407561284,esuthworth5@samsung.com,3
Ms,Nowell,Bigland,79,6575070950,nbigland6@usgs.gov,8
Dr,Kelcy,Garrad,20,3713262086,kgarrad7@shop-pro.jp,25
Dr,Margery,Redmell,88,2297737813,mredmell8@google.ca,4
Mrs,Lori,Rames,72,5502819231,lrames9@state.gov,12
Ms,Giovanni,Brennenstuhl,46,8976512965,gbrennenstuhla@state.gov,15
Mr,Burr,Anmore,78,5229992406,banmoreb@jimdo.com,2
Ms,Rickert,Dunridge,61,7492689039,rdunridgec@phpbb.com,18
Mrs,Jilli,Lambin,39,1893621761,jlambind@chronoengine.com,11
Mr,Cordula,Skitch,41,9736466733,cskitche@forbes.com,23
Ms,Nicky,Swatman,55,2173173645,nswatmanf@cloudflare.com,25
Mr,Garek,Klemmt,59,3093323786,gklemmtg@usnews.com,23
Ms,Westleigh,Barnet,25,3113405633,wbarneth@ebay.com,24
Ms,Darcy,Noar,48,9851636643,dnoari@seesaa.net,17
Ms,Hermine,Boydell,47,6702131023,hboydellj@msu.edu,10
Mrs,Rupert,Kingsnorth,24,1405296383,rkingsnorthk@va.gov,25
Ms,Julee,Jessett,95,8694873570,jjessettl@newsvine.com,9
Mrs,Imelda,Vanini,81,8517653595,ivaninim@admin.ch,14
Mrs,Donn,Orgill,95,4075052087,dorgilln@nature.com,14
Mr,Borg,Lorenzini,65,7421046367,blorenzinio@nih.gov,13
